source	target	date
engadget	huffposttech	2020-10-16
mashable	gigaom	2021-04-09
huffposttech	cnetnews	2021-06-22
huffposttech	mashable	2021-07-02
techradar	wired	2022-02-23
reuterstech	cnetnews	2020-04-24
gigaom	techreview	2020-06-08
forbestech	guardiantech	2021-05-15
pcmag	techcrunch	2020-08-17
techreview	rww	2021-01-01
techreview	futureshift	2022-12-20
techradar	engadget	2020-10-01
technology	venturebeat	2020-09-17
venturebeat	engadget	2021-01-29
reuterstech	fttechnews	2021-09-09
cnet	engadget	2022-02-28
forbestech	venturebeat	2020-08-23
mashable	cnetnews	2020-07-11
gizmodo	engadget	2020-10-01
gigaom	mashable	2020-07-03
huffposttech	forbestech	2022-06-25
venturebeat	mashable	2021-04-07
rww	thenextweb	2020-03-29
zdnet	technology	2020-07-28
forbestech	techmeme	2020-08-03
cnet	gizmodo	2020-05-10
forbestech	techcrunch	2020-04-10
huffposttech	techcrunch	2021-05-26
techcrunch	engadget	2021-08-27
reuterstech	venturebeat	2020-02-01
usatodaytech	cnet	2022-09-11
forbestech	bitech	2020-06-24
cnetnews	cnntech	2020-01-19
techcrunch	huffposttech	2020-09-27
techreview	verge	2020-10-03
cnetnews	gizmodo	2020-10-29
thenextweb	mashable	2020-04-12
technology	cnntech	2021-04-15
huffposttech	cnntech	2020-03-31
cnntech	verge	2020-12-20
cnntech	techmeme	2021-03-31
technology	usatodaytech	2021-11-04
huffposttech	usatodaytech	2020-07-26
techrepublic	cnet	2020-11-18
techreview	techmeme	2022-12-11
technology	techcrunch	2022-03-11
technology	guardiantech	2020-08-07
huffposttech	gizmodo	2021-05-01
cnet	bitech	2022-03-21
technology	gizmodo	2020-07-01
reuterstech	wsjtech	2020-06-19
thenextweb	bitech	2021-02-14
mashable	techreview	2020-12-08
forbestech	zdnet	2022-04-02
usatodaytech	verge	2020-08-05
reuterstech	wired	2021-11-03
mashable	guardiantech	2021-08-11
techreview	gigaom	2020-04-14
rww	mashable	2021-07-15
huffposttech	thenextweb	2020-06-09
technology	bitech	2022-02-20
gizmodo	verge	2020-11-04
telegraphtech	arstechnica	2020-12-30
forbestech	pcmag	2021-12-11
zdnet	techmeme	2020-03-07
technology	gigaom	2020-03-12
cnntech	usatodaytech	2020-06-06
huffposttech	telegraphtech	2020-03-17
techreview	engadget	2022-02-16
techreview	zdnet	2022-04-21
techreview	bbctech	2022-04-18
mashable	venturebeat	2022-06-16
telegraphtech	bbctech	2022-12-13
cnet	verge	2022-12-14
cnet	zdnet	2020-02-05
engadget	verge	2022-06-04
cnetnews	techrepublic	2021-04-14
techreview	techcrunch	2020-10-04
rww	guardiantech	2020-09-28
usatodaytech	futureshift	2022-06-10
reuterstech	techcrunch	2020-05-26
technology	forbestech	2020-08-21
cnetnews	engadget	2020-05-27
cnet	cnetnews	2021-05-25
pcmag	engadget	2021-05-23
cnetnews	gigaom	2021-10-02
gigaom	reuterstech	2020-10-07
technology	engadget	2021-11-02
zdnet	techrepublic	2021-06-11
usatodaytech	mashable	2022-02-08
techrepublic	zdnet	2020-03-29
gigaom	cnet	2021-03-31
rww	techcrunch	2020-05-21
mashable	cnntech	2020-08-22
techreview	thenextweb	2020-01-20
cnetnews	huffposttech	2020-01-05
cnet	huffposttech	2022-08-13
futureshift	mashable	2020-07-07
reuterstech	engadget	2021-05-28
huffposttech	technology	2020-03-05
reuterstech	gizmodo	2020-04-22
gigaom	pcmag	2020-02-15
gigaom	cnetnews	2022-04-15
engadget	mashable	2020-07-22
forbestech	bbctech	2020-03-26
cnet	techcrunch	2020-11-19
forbestech	thenextweb	2021-12-06
reuterstech	verge	2022-10-02
techradar	gizmodo	2021-10-25
reuterstech	technology	2020-06-24
techreview	mashable	2022-06-12
cnetnews	techcrunch	2020-03-07
forbestech	gizmodo	2022-03-17
forbestech	techreview	2022-07-08
forbestech	arstechnica	2021-05-30
mashable	futureshift	2020-09-07
reuterstech	huffposttech	2020-07-11
gigaom	futureshift	2020-05-19
cnntech	gigaom	2021-03-23
cnetnews	techmeme	2020-10-20
forbestech	usatodaytech	2020-08-02
cnntech	thenextweb	2020-05-02
technology	arstechnica	2022-06-18
pcmag	techreview	2020-12-13
reuterstech	telegraphtech	2022-01-13
cnetnews	mashable	2021-11-04
techreview	reuterstech	2022-12-02
techrepublic	cnetnews	2020-01-29
cnetnews	verge	2020-01-14
forbestech	rww	2020-04-30
pcmag	cnntech	2020-03-29
huffposttech	guardiantech	2021-08-04
huffposttech	wired	2022-05-19
arstechnica	technology	2021-11-23
pcmag	gigaom	2022-10-19
gizmodo	cnet	2020-05-07
techreview	gizmodo	2022-07-21
techreview	usatodaytech	2022-04-22
techreview	fttechnews	2020-11-21
technology	cnetnews	2022-08-02
techreview	cnntech	2022-06-26
arstechnica	wired	2022-05-17
techradar	mashable	2022-05-13
rww	arstechnica	2022-05-28
pcmag	futureshift	2021-05-23
cnntech	mashable	2020-07-14
techreview	guardiantech	2020-03-16
techreview	techrepublic	2020-05-13
arstechnica	techmeme	2022-04-18
huffposttech	wsjtech	2022-03-14
engadget	cnet	2022-07-11
techradar	forbestech	2021-04-10
cnntech	rww	2022-08-18
reuterstech	cnet	2020-09-29
cnet	wired	2022-11-02
mashable	pcmag	2021-07-18
techrepublic	techreview	2022-03-10
cnet	techrepublic	2021-07-16
cnet	techmeme	2022-09-02
huffposttech	engadget	2022-11-06
reuterstech	forbestech	2020-12-20
reuterstech	usatodaytech	2021-05-12
technology	mashable	2021-07-22
telegraphtech	wired	2022-05-07
rww	techreview	2021-04-12
techreview	wsjtech	2020-01-23
techreview	techradar	2021-01-14
mashable	thenextweb	2021-04-14
technology	reuterstech	2020-06-05
huffposttech	bitech	2020-09-01
cnntech	cnetnews	2021-01-19
mashable	huffposttech	2021-10-05
telegraphtech	fttechnews	2020-04-16
reuterstech	gigaom	2020-07-16
gizmodo	techcrunch	2020-02-24
huffposttech	arstechnica	2021-03-07
technology	huffposttech	2022-03-01
rww	wired	2022-02-21
engadget	gizmodo	2020-09-25
pcmag	bitech	2022-11-02
pcmag	forbestech	2022-12-27
gigaom	cnntech	2022-03-23
huffposttech	techmeme	2022-09-11
reuterstech	techreview	2020-11-02
techreview	venturebeat	2020-04-06
techradar	huffposttech	2022-02-08
forbestech	wired	2022-08-25
gigaom	venturebeat	2022-11-20
mashable	techmeme	2020-10-26
huffposttech	reuterstech	2021-04-11
cnetnews	thenextweb	2021-12-01
cnntech	techcrunch	2022-02-04
reuterstech	guardiantech	2021-07-25
engadget	techcrunch	2021-06-14
huffposttech	gigaom	2022-06-28
wired	arstechnica	2020-10-10
reuterstech	techmeme	2020-12-31
techreview	cnetnews	2020-06-15
techreview	pcmag	2020-05-20
huffposttech	rww	2022-12-02
technology	cnet	2022-03-10
mashable	arstechnica	2022-03-28
technology	bbctech	2021-11-02
cnntech	arstechnica	2022-02-07
technology	verge	2020-04-28
mashable	wired	2022-04-07
techreview	huffposttech	2022-06-03
cnetnews	zdnet	2020-09-14
techreview	bitech	2020-11-22
venturebeat	rww	2020-08-16
techreview	telegraphtech	2020-08-14
techcrunch	techmeme	2022-11-09
zdnet	cnet	2020-11-22
techreview	wired	2022-04-10
reuterstech	rww	2022-04-04
usatodaytech	wsjtech	2022-03-14
guardiantech	forbestech	2020-12-17
guardiantech	techmeme	2022-09-04
techreview	cnet	2020-08-05
rww	reuterstech	2021-09-17
mashable	gizmodo	2020-01-18
rww	techmeme	2021-07-04
gizmodo	wsjtech	2022-04-12
techreview	forbestech	2021-09-10
mashable	rww	2022-11-17
guardiantech	rww	2021-06-23
techradar	arstechnica	2020-12-18
cnet	cnntech	2020-04-08
mashable	engadget	2021-07-04
huffposttech	venturebeat	2022-04-24
gigaom	huffposttech	2020-02-19
engadget	wsjtech	2022-12-31
cnetnews	cnet	2021-09-15
bitech	mashable	2022-03-10
technology	wired	2020-12-21
forbestech	mashable	2021-08-07
cnetnews	bitech	2020-10-07
reuterstech	thenextweb	2020-06-24
engadget	wired	2020-08-15
forbestech	gigaom	2020-07-23
gigaom	techcrunch	2021-07-16
arstechnica	bbctech	2022-01-26
cnet	thenextweb	2022-05-22
cnntech	wired	2020-08-04
reuterstech	cnntech	2020-07-16
cnet	mashable	2020-11-22
guardiantech	futureshift	2021-11-21
cnntech	pcmag	2020-07-17
techreview	arstechnica	2020-05-13
techradar	wsjtech	2022-06-05
reuterstech	mashable	2021-05-30
cnetnews	wired	2020-07-18
cnntech	cnet	2022-12-16
engadget	thenextweb	2020-07-11
pcmag	mashable	2020-12-13
huffposttech	techreview	2020-10-19
techradar	techcrunch	2022-01-28
venturebeat	verge	2021-12-02
usatodaytech	engadget	2020-03-11
